scraper_name,url,source
SuwaneeScraper,https://www.suwanee.com/government/agendas-minutes/planning-zoning-agendas-minutes-documents,test_file
BufordCityScraper,https://www.cityofbuford.com/board-commissioners/agendas-and-minutes,test_file
MecklenburgScraper,https://mecklenburg.ravnur.com/,test_file
CrawfordCountyKSScraper,https://www.crawfordcountykansas.org/video-recordings.html,test_file
DocumentCenterAgendaMinutesScraper,https://ci.dodgecenter.mn.us/DocumentCenter,test_file
ArchiveAspxScraper,https://www.ci.richmond.ca.us/Archive.aspx?AMID=32,docstring
SuiteOneMediaScraper,https://valenciaconm.suiteonemedia.com/?embed=1,docstring
MetuchenNjScraper,https://www.metuchennj.org/agenda-library,test_file
GovMeetingTableScraper,https://cityofmchenry.org/your_government/test-agendas.php,test_file
BloomfieldHillsScraper,https://www.bloomfieldhillsmi.net/322/Videos-On-Demand,test_file
SierraVistaAZScraper,https://www.sierravistaaz.gov/government/city-council/council-documents/-folder-121,test_file
TucsonAZScraper,https://www.tucsonaz.gov/Departments/Planning-Development-Services/Public-Meetings-Boards-Committees-Commissions/Planning-Commission,test_file
MiamiLakesScraper,https://www.miamilakes-fl.gov/minutes/,test_file
DocumentCenterScraper,https://www.bensonaz.gov/government/city_council/agendas_minutes___public_notices.php,test_file
CarrollCountyScraper,http://carrollcounty.us/QuorumCourt/Agenda,test_file
DillonCouncilAudioScraper,https://www.dillonmt.org/city-council,test_file
SuwaneeScraper,https://www.suwanee.com/government/agendas-minutes/city-council-agendas-minutes-documents,test_file
DennisTownScraper,https://www.town.dennis.ma.us/1036/2025-Video-On-Demand,test_file
SuiteOneMediaScraper,https://floydcoin.suiteonemedia.com/?embed=1,docstring
GrahamCountyKSScraper,https://www.grahamcountyks.com/node/831/agenda/2026,test_file
AccelaScraper,https://aca-prod.accela.com/ATLANTA_GA/Cap/CapHome.aspx?module=Building&TabName=Building,test_file
GovMeetingTableScraper,https://www.valleycenterks.gov/government/agendas_minutes.php,test_file
SouthDakotaPucScraper,https://boardsandcommissions.sd.gov/Meetings.aspx?BoardID=213,test_file
GrahamCountyKSScraper,https://www.grahamcountyks.com/node/831/agenda/2025,test_file
MiamiDadeScraper,https://www.miamidade.gov/govaction/agendas.asp?Action=Agendas&Oper=DisplayAgenda&Agenda=CDMZ&AgendaName=BCC+%2D+Comprehensive+Development+Master+Plan+%26+Zoning,test_file
IndianaLegisScraper,https://iga.in.gov/session/2025/video/,test_file
DocumentCenterScraper,https://dickensonva.org/DocumentCenter/Index/38,test_file
VodoltonScraper,https://vodolton.org/meeting-minutes-agenda/,test_file
SierraVistaAZScraper,https://www.sierravistaaz.gov/government/city-council/council-documents/-folder-116,test_file
PicoRiveraScraper,https://picoriveraspeaks.org/?archives=true,test_file
DocumentCenterAgendaMinutesScraper,https://fl-daniabeach3.civicplus.com/DocumentCenter/Index/226,test_file
CityOfLiveOakScraper,https://www.cityofliveoak.org/agendas/,test_file
ClydeAudioScraper,https://api.clydeohio.org/sandbox/meetings,test_file
IsoNECommitteeScraper,https://www.iso-ne.com/committees/reliability/reliability-committee,test_file
DocumentCenterAgendaMinutesScraper,https://frederickcountymd.gov/DocumentCenter,test_file
DocumentCenterAgendaMinutesScraper,https://www.byrnesmill.org/DocumentCenter/Index/69,test_file
BoxCastScraper,https://boxcast.tv/channel/ygfquelst4r0nhjmkyeg?b=o0jyz8zhfyb1lpavexfk,test_file
DocumentCenterAgendaMinutesScraper,https://cityofcockrellhill.us/DocumentCenter/Index/69,test_file
OnbaseAgendaOnlineScraper,https://onbase.comptoncity.org/OnBaseAgendaOnline/Meetings,test_file
EuclidLibraryScraper,https://www.euclidlibrary.org/content/council-meetings,test_file
SJGovPlanningCommissionScraper,https://www.sjgov.org/department/cdd/planning/planning-commission,test_file
GovMeetingTableScraper,https://www.murraycountymn.com/government/county_commissioners/commissioner_meeting_minutes_and_information.php,test_file
WoodlandParkScraper,https://wpnj.us/vod,test_file
LouisianaHouseScraper,https://house.louisiana.gov/h_video/Hse_Video_OnDemand,test_file
GovMeetingTableScraper,https://www.townofsmyrna.org/departments/legal/agendas_minutes/council.php,test_file
MahaskaScraper,https://www.mahaskacountyia.gov/board_of_supervisors/meetings/,test_file
CivicWebScraper,https://coshawanowi.civicweb.net/Portal/MeetingTypeList.aspx,test_file
IsoNECommitteeScraper,https://www.iso-ne.com/committees/reliability/power-supply-planning,test_file
MisoEnergyPattern1Scraper,https://www.misoenergy.org/engage/committees/regional-expansion-criteria-and-benefits-working-group/,test_file
HindsBoardroomScraper,https://www.co.hinds.ms.us/pgs/Boardroom/Boardroom.asp,test_file
NyisoScraper,https://www.nyiso.com/tpas,test_file
MoPscDocketScraper,https://efis.psc.mo.gov/Case,test_file
AgendaPublicScraper,https://plano.novusagenda.com/agendapublic/meetingsgeneral.aspx,test_file
CityOfSantaMonicaScraper,https://www.smgov.net/Departments/PCD/Boards-Commissions/Planning-Commission/,test_file
CaisoTransmissionScraper,https://www.caiso.com/meetings-events/topics/transmission-maintenance-coordination-committee,test_file
TaneyCountyScraper,https://media.taneycounty.org/cgi-bin/jplayer_list.cgi,test_file
TownOfEvansScraper,https://townofevansny.gov/docs/agendas-recordings-minutes/town-board-minutes-agenda/,test_file
LakelandScraper,https://www.lakelandgov.net/departments/city-clerk/board-meetings-agendas/,test_file
SanDiegoScraper,https://www.sandiego.gov/planning-commission/documents/agenda,test_file
YorkvilleScraper,https://www.yorkville.il.us/520/Agendas-Minutes-Packets,test_file
MeetingsRecentScraper,https://www.decaturga.com/meetings/recent,test_file
CrystalLakeScraper,https://www.crystallake.org/your-government/city-council/city-council-meetings/-toggle-all,test_file
AnaheimElementaryScraper,https://anaheimelementary.org/board-of-education/2025-26-board-meetings-agendas-minutes-presentations/,test_file
GastoniaScraper,https://www.gastonianc.gov/pl-agendas-minutes.html?view=article&id=1162:planning-upcoming-recent-meetings&catid=8,test_file
CaisoTransmissionScraper,https://www.caiso.com/generation-transmission/transmission/transmission-operations,test_file
HarmonyScraper,https://sg001-harmony.sliq.net/00327/Harmony/en/View/EventListView/20250519/73,test_file
TnLegVideoScraper,https://wapp.capitol.tn.gov/apps/videowrapper/default.aspx?CommID=601000,test_file
LaQuintaScraper,https://www.laquintaca.gov/business/boards-and-commissions/planning-commission/-toggle-allpast,test_file
CaisoLibraryScraper,https://www.caiso.com/library/interregional-transmission-coordination,test_file
WooddaleCityCouncilScraper,https://www.wooddale.com/government/agendas-minutes/city-council,test_file
AuroraGovScraper,https://www.perthamboynj.org/government/municipal_boards/planning_board/agendas_and_minutes,test_file
SecondHarmonySliqScraper,https://sg001-harmony.sliq.net/00289/Harmony/en/View/Week,test_file
RobstownCouncilScraper,https://www.cityofrobstown.com/city-council/city-council-agendas/,test_file
WestPalmBeachScraper,https://www.wpb.org/Departments/Development-Services/Planning-Division/Boards-and-Committees,test_file
BoardYearMeetingsScraper,https://www.towamencin.org/government/meetings-agendas-minutes/,docstring
ChathamSavannahMPCScraper,https://www.thempc.org/Archive/Tpc#gsc.tab=0,test_file
CityOfGardenGroveScraper,https://ggcity.org/commissions/archive,test_file
AgendaLinkAgendaScraper,https://horizon.agendalink.app/engage/broomfield/agendas,test_file
DocumentCenterAgendaMinutesScraper,https://hollyridgenc.org/DocumentCenter/Index/65,test_file
InternationalFallsScraper,https://www.ci.international-falls.mn.us/category/city-council/city-council-meeting-videos/,test_file
OnbaseAgendaOnlineScraper,https://onbaseep22.mesacounty.us/OnBaseAgendaOnline/Meetings,test_file
MisoEnergyPattern1Scraper,https://www.misoenergy.org/engage/committees/resource-adequacy-subcommittee/,test_file
UpperMacungieScraper,https://www.uppermac.org/boards-commissions/agendas-minutes/-folder-69#docfold_589_148_173_69,test_file
SouthJordanCityCouncilScraper,https://www.sjc.utah.gov/483/City-Council-Meeting-Audio,test_file
QueensburyAudioScraper,https://www.queensbury.net/government/agendas-and-minutes/planning-board-meeting-audio/,test_file
IsoNECommitteeScraper,https://www.iso-ne.com/committees/planning/ipsac,test_file
DocumentCenterAgendaMinutesScraper,https://www.bridgecitytex.com/DocumentCenter/Index/55,test_file
GovMeetingTableScraper,https://www.co.wabasha.mn.us/government/meetings/board_of_commissioners.php,test_file
ERCOTPresentationScraper,https://www.ercot.com/news/presentations,test_file
MunicodeMeetingScraper,https://clearlake-ca.municodemeetings.com/,test_file
SanDiegoScraper,https://www.sandiego.gov/planning-commission/documents/minutes/archive,test_file
FloridaPSCScraper,https://www.psc.state.fl.us/dockets,test_file
MountPleasantScraper,https://wwtmp.com/past_meetings/,test_file
BingenWashingtonScraper,https://www.bingenwashington.org/node/581/minutes-agendas,test_file
ClaytonCityCouncilScraper,https://claytonca.granicus.com/ViewPublisher.php?view_id=1,test_file
DocumentCenterScraper,https://www.sansompark.org/DocumentCenter/Index/69,test_file
FileproScraper,https://cavecreek.civicweb.net/filepro/documents/17508,test_file
DocumentCenterAgendaMinutesScraper,https://west-chester.com/DocumentCenter/Index/772,test_file
WashingtonDocketScraper,https://www.utc.wa.gov/documents-and-proceedings/dockets,test_file
SuiteOneMediaScraper,https://madisoncoin.suiteonemedia.com/?embed=1,test_file
BayonneNJScraper,https://www.bayonnenj.org/Pages/planning-board,test_file
CallahanCountyScraper,https://www.callahancounty.org/page/callahan.ccmeetings,test_file
SloSpanScraper,https://slo-span.org/meetings/ATASCC/,test_file
AuroraGovScraper,https://www.lowermoreland.org/government/boards___commissions/planning_commission,test_file
PlanningRctlmaPlanningCommissionScraper,https://planning.rctlma.org/2023-planning-commission-meetings,test_file
NewcastleOKScraper,https://newcastleok.gov/government/agendas-minutes/category/planning-zoning-commission,test_file
GroupTemplateScraper,https://www.oaklandca.gov/Government/Boards-Commissions/Planning-Commission/Planning-Commission-Committee-Meetings,test_file
MichiganHouseVideoArchiveScraper,https://www.house.mi.gov/VideoArchive,test_file
VimeoproScraper,https://vimeopro.com/user57828215/area-utility-meetings,docstring
IrvingTxScraper,https://irvingtx.gov/index.php?section=planning-zoning-commission,test_file
RiverRidgeCDDScraper,https://riverridgecdd.net/documents.php,test_file
DocumentCenterAgendaMinutesScraper,https://www.milltownnj.org/DocumentCenter,test_file
LaPscDocketScraper,https://lpscpubvalence.lpsc.louisiana.gov/,test_file
MisoEnergyBODScraper,https://www.misoenergy.org/engage/committees/board-of-directors-bod/,test_file
ElPortalVillageScraper,https://elportalvillage.com/village-meetings,test_file
DocumentCenterAgendaMinutesScraper,https://www.ci.quartzsite.az.us/government/town_council/agendas___minutes.php#outer-2571,test_file
BeckerCountyScraper,https://www.co.becker.mn.us/government/meetings/board_commissioners/,test_file
TownOfGarnerNCScraper,https://www.garnernc.gov/departments/planning/boards-commissions/planning-commission/minutes,test_file
CivicMediaScraper,https://www.co.isanti.mn.us/CivicMedia?CID=County-Board-Meeting-Minutes-3#allVideos,test_file
BakerMontanaAudioScraper,https://www.bakermontana.us/meeting-audio,test_file
IdahoMediaScraper,https://lso.legislature.idaho.gov/MediaArchive/ShowCommitteeOrMedia.do,test_file
QueensburyAudioScraper,https://www.queensbury.net/government/agendas-and-minutes/town-board-meeting-audio/,test_file
SouthwestRanchesScraper,https://www.southwestranches.org/departments/town-clerk/agendas/2025-2/,test_file
DocumentCenterAgendaMinutesScraper,https://www.bayharborislands-fl.gov/documentcenter,test_file
NewYorkDocketScraper,https://documents.dps.ny.gov/public/Common/AdvanceSearch.aspx,test_file
SussexScraper,https://www.sussexboro.com/meetings/index.shtml,test_file
IQM2Scraper,https://renvillecountymn.iqm2.com/Citizens/Calendar.aspx,test_file
ChampdsScraper,https://play.champds.com/largofl/archive/1,test_file
OrlandUSDScraper,https://www.orlandusd.net/Board/Agendas--Minutes/2025-2026/index.html,docstring
CivicWebScraper,https://coshawanowi.civicweb.net/Portal/MeetingTypeList.aspx,test_file
DestinyHostedScraper,https://public.destinyhosted.com/agenda_publish.cfm?id=46639,test_file
CaisoLibraryScraper,https://www.caiso.com/library/monthly-market-performance-reports,test_file
GuthrieSupervisorsScraper,https://guthriecounty.gov/supervisors/meetings_minutes/,docstring
SantaFeSpringsScraper,https://www.santafesprings.gov/city_council/city_council_commissions___committees/planning_commission/current_agendas_and_minutes2023.php,test_file
AlPscDocketScraper,https://www.pscpublicaccess.alabama.gov/pscpublicaccess/page/psc-searches/portal.aspx,test_file
EarthChannelScraper,https://view.earthchannel.com/Archive.aspx?PGD=meridenct&aID=1,test_file
LenoirCountyScraper,https://lenoircountync.gov/government/2024-board-of-commissioners-meetings/,test_file
OwatonnaLightcastScraper,https://owatonnalive.lightcast.com/content/sc_40142_7185,test_file
DocumentCenterScraper,https://west-chester.com/DocumentCenter/Index/772,test_file
MississippiDocketScraper,https://www.psc.ms.gov/exec-sec/dockets,test_file
GrantPUDScraper,https://www.grantpud.org/commission-meetings,docstring
PortWentworthScraper,https://portwentworthga.gov/gov-agendas-planning/,test_file
IsoNECommitteeScraper,https://www.iso-ne.com/committees/planning/energy-efficiency-forecast,test_file
DouglasCountyGA,https://www.douglascountyga.gov/292/Planning-Zoning-Board,test_file
NyisoScraper,https://www.nyiso.com/operating-committee-oc-,test_file
ChampdsScraper,https://play.champds.com/yonkersny/archive/2,test_file
CityOfNeodeshaScraper,http://neodesha.org/government/city-documents,test_file
ArizonaDocketScraper,https://edocket.azcc.gov/search/docket-search,test_file
MixlrScraper,https://cityofrocklin.mixlr.com/recordings,test_file
ChesterHeightsScraper,https://chesterheights.org/government/audio/,test_file
DocumentCenterScraper,https://cityofcockrellhill.us/DocumentCenter/Index/69,test_file
AlaskaLegislatureScraper,https://akleg.gov/#tab4,test_file
ForestHillTXScraper,https://www.foresthilltx.org/267/Previous-Years-Agendas-Minutes,test_file
HarrisonScraper,https://www.harrison-ny.gov/home/pages/agendas-minutes,test_file
YellowstoneCountyScraper,https://www.yellowstonecountymt.gov/commissioners/minutes/,test_file
FloridaSenateScraper,https://www.flsenate.gov/Media/Videos,test_file
IrvingTxScraper,https://irvingtx.gov/audit-finance-committee,test_file
OkemahOKScraper,https://okemahok.gov/city-hall/agenda-minutes/,test_file
FremontAgendaCenterScraper,https://www.fremont.gov/government/agenda-center,test_file
CityOfNoviScraper,https://cityofnovi.org/agendas-minutes/city-council/2025/,test_file
CityOfPerkinsScraper,https://www.cityofperkins.net/1069/Audio-Recordings-Planning-CommissionFloo,test_file
EvanstonPlanningScraper,https://www.cityofevanston.org/government/boards-commissions-and-committees/planning-development,test_file
KaneCountyCommitteeScraper,https://www.kanecountyil.gov/Pages/CountyBoard/committee.aspx?cID=2,test_file
NorthamptonBoroScraper,https://www.northamptonboro.com/zoning-hearing-board,test_file
DocumentCenterAgendaMinutesScraper,https://dickensonva.org/DocumentCenter/Index/38,test_file
CastusVodScraper,https://wayland.vod.castus.tv/vod/,docstring
CityOfHillsboroScraper,https://www.guadalupeaz.org/node/951/agenda/2026,test_file
ECode360Scraper,https://ecode360.com/HA1391/documents/Minutes,test_file
NyisoScraper,https://www.nyiso.com/bod-meeting-minutes,test_file
MyDavenportScraper,https://www.mydavenport.org/commissionagendas,test_file
DocumentCenterScraper,https://www.pepperpike.org/DocumentCenter,test_file
ByramTownshipScraper,https://www.byramtwp.org/index.php/meetings/council,test_file
ClackamasPlanningScraper,https://www.clackamas.us/meetings/bcc/business,docstring
EBoardSolutionsScraper,https://simbli.eboardsolutions.com/SB_Meetings/SB_MeetingListing.aspx?S=36030373,test_file
EscribeScraper,https://pub-alamance-nc.escribemeetings.com/?Year=2024,test_file
PlatteCountyWYScraper,https://www.plattecountywyoming.com/meetings,test_file
DocumentCenterScraper,https://daniabeachfl.gov/DocumentCenter/Index/369,test_file
CityOfFairwayKSScraper,https://fairwaykansas.org/?SEC=9F2D6E4F-4BC3-4D37-A801-6A9477AE6E91,test_file
JuniperMeetingsScraper,https://cityofoakleyks.gov/meetings/,test_file
YumaCountyAzScraper,https://www.yumacountyaz.gov/government/development-services/meetings/meeting-minutes,test_file
HarmonyScraper,https://virginiageneralassembly.gov/house/chamber/chamberstream.php,test_file
CivicCenterScraper,https://civiccentertv.com/category/meetings/keego-harbor-city-council/,test_file
VillageSussexScraper,https://www.villagesussex.org/government/agendas-minutes/recordings,test_file
NetappsScraper,https://netapps.ocfl.net/Mod/meetings/4,test_file
WhiteCountyScraper,https://portal.sbsportals.com/modules/document-center.php?guid=175598202,test_file
CityOfBristowOKScraper,https://www.cityofbristowok.org/meeting-minutes,test_file
MyChoctawScraper,https://www.mychoctaw.org/documents/government/agenda-center/planning-commission/21271747,test_file
CityOfHillsboroScraper,https://www.tonganoxie.org/node/1721/agenda/2025,test_file
DavidsonAgendaSuite,https://agendasuite.org/iip/davidson/agendaitem/list,test_file
GovMeetingTableScraper,https://www.valleycenterks.gov/government/city_council/agendas_minutes.php,test_file
PjmPdfScraper,https://www.pjm.com/committees-and-groups/committees/srrtep-s,test_file
AgendaLinkAgendaScraper,https://horizon.agendalink.app/engage/lomalindaca/agendas,test_file
MeetingMunicodeScraper,https://meetings.municode.com/MeetingsPage/index?clientCode=LEEDSALAB,test_file
VolusiaScraper,https://www.volusia.org/government/county-council/county-council-meetings/archived-audio.stml,test_file
IowaLegisScraper,https://www.legis.iowa.gov/chambers/video/archive?chamber=S,test_file
UpperMacungieScraper,https://www.uppermac.org/boards-commissions/agendas-minutes/-folder-66#docfold_14_148_173_66,test_file
IrvingIsdIstvScraper,https://istv.irvingisd.net/categories/board-of-trustees,test_file
MunicodeLibraryScraper,https://meetings.municode.com/PublishPage?cid=COOPERCITY&ppid=39c9b04d-c98b-4fde-837f-6ec043ed0dd2&p=1,test_file
PittstonScraper,https://www.pittstonmaine.org/index.asp?SEC=4327D20A-B76A-4DB1-9035-A918DE103CA2&DE=36375C17-1005-4F72-8DAE-031D5CC24F28&Type=B_BASIC&mobile=false,test_file
CityOfTempeScraper,https://publicdocumentarchive.tempe.gov/,test_file
NorthChicagoScraper,https://www.northchicago.org/index.asp?sec=49cba538-63d3-477f-9f46-ce01bc5427fa,test_file
OnbaseAgendaOnlineScraper,https://tampagov.hylandcloud.com/221agendaonline/Meetings,test_file
GovMeetingTableScraper,https://www.ci.sealy.tx.us/government/meeting_agendas_and_minutes/city_council.php,docstring
BoroughOfSayrevilleScraper,https://www.sayreville.com/cn/meetings/?did=1510,test_file
BartowCountyGAScraper,https://www.bartowcountyga.gov/departments/county_commissioner/public_meeting_minutes/index.php,test_file
SouthwestPowerPoolScraper,https://www.spp.org/spp-documents-filings/?id=370801,test_file
DocumentCenterScraper,https://www.ycpc.org/DocumentCenter/Index/30,test_file
ChampdsScraper,https://play.champds.com/northmiamifl/archive/1,test_file
ChicagoPlanCommissionScraper,https://www.chicago.gov/city/en/depts/dcd/chicago-plan-commission/meetings--agendas---video-archives.html,test_file
MyDavenportScraper,https://www.mydavenport.org/commissionminutes,test_file
TexasHouseScraper,https://house.texas.gov/videos/committees/89/R,test_file
FifeWashingtonScraper,https://www.fifewa.gov/448/Meetings-and-Agendas,test_file
BentonMeetingsScraper,https://bentoncountyar.gov/archived-meetings/,test_file
CamptonHillsScraper,https://camptonhills.illinois.gov/agenda-meeting-minutes-library/,test_file
GoldenValleyScraper,https://www.goldenvalleycountymt.org/commissioner-meetings,test_file
MyRuralWaterScraper,https://grady7.myruralwater.com/board-agendas,test_file
UtahFloorAudioScraper,https://le.utah.gov/asp/audio/index.asp?Sess=2025GS&Bill=&Day=&House=H,test_file
IQM2Scraper,https://atlantacityga.iqm2.com/Citizens/Calendar.aspx?Frame=Yes,test_file
AgendaCenterScraper,https://www.pryorcreek.org/AgendaCenter,test_file
GrahamCountyKSScraper,https://www.grahamcountyks.com/node/831/minutes/2025,test_file
SurfsideScraper,https://www.townofsurfsidefl.gov/departments-services/town-clerk/public-records/commission-agendas,docstring
PoincianaCDDScraper,https://poincianacdd.org/agendas-and-minutes,test_file
HarmonyScraper,https://oksenate.gov/room-230,test_file
JeffersonCountyScraper,https://www.jeffersoncountywv.org/county-government/elected-officials/county-commission/agendas-minutes-and-webcasts/2025-meeting-archive,test_file
DocumentCenterAgendaMinutesScraper,https://capitolheightsmd.gov/DocumentCenter,test_file
CityOfCarrolltonScraper,https://www.cityofcarrollton.com/departments/departments-g-p/planning-zoning/planning-zoning-commission/archived-p-z-minutes,test_file
IsoNECommitteeScraper,https://www.iso-ne.com/committees/key-projects/implemented/order-no-1000,test_file
AuroraGovScraper,https://www.lowermoreland.org/government/board_of_commissioners/archived_agendas_and_minutes,test_file
GreenvilleCountyScraper,https://www.greenvillecounty.org/PlanningCommission/Agendas.aspx,test_file
DocumentCenterScraper,https://www.flagstaff.az.gov/DocumentCenter,test_file
MunicodeScraper,https://meetings.municode.com/PublishPage?cid=COOPERCITY&ppid=39c9b04d-c98b-4fde-837f-6ec043ed0dd2&p=1,test_file
JerseyCityNJScraper,https://data.jerseycitynj.gov/explore/dataset/planning-board-agendas-2025/information/,test_file
HarmonyScraper,https://house.mo.gov/MediaCenter.aspx,test_file
InghamCountyScraper,https://cl.ingham.org/departments_and_officials/county_clerk/board_of_commissioners.php,test_file
MorrisvilleBoroScraper,https://morrisvilleboro.org/docs/,test_file
PjmPdfScraper,https://www.pjm.com/committees-and-groups/committees/teac,test_file
DocumentCenterAgendaMinutesScraper,https://arptx.com/DocumentCenter/Index/69,test_file
GovMeetingTableScraper,https://brookfieldil.gov/board___commission_meetings/index.php,test_file
ICRCTVScraper,https://www.icrctv.com/community/harrison,test_file
MarylandLegisScraper,https://mgaleg.maryland.gov/mgawebsite/Meetings/Day/02072025?budget=hide&cmte=allcommittees&updates=hide&ys=2025rs,test_file
RssScraper,https://santamonica.granicus.com/ViewPublisherRSS.php?view_id=3,test_file
NewarkCAScraper,https://www.newarkca.gov/departments/city-manager-s-office/meetings-agendas-minutes,test_file
AudiomackScraper,https://audiomack.com/pemberton-twp-planningzoning-board-meetings,test_file
DocumentCenterAgendaMinutesScraper,https://www.sansompark.org/DocumentCenter/Index/69,test_file
LeeCountyScraper,https://www.ellsworthks.net/agendalist.aspx?categoryid=10348,test_file
BensonCountyScraper,https://www.bensoncountynd.com/teams-recordings,test_file
CityOfHillsboroScraper,https://www.tonganoxie.org/node/1721/agenda/2026,test_file
TownOfMedleyScraper,https://www.townofmedley.com/council-meetings,test_file
StCharlesILScraper,https://www.stcharlesil.gov/Government/Meetings,test_file
ElPortalVillageScraper,https://elportalvillage.com/village-meetings/,docstring
DocumentCenterScraper,https://www.whitepinecounty.net/DocumentCenter/Index/,test_file
DocumentCenterAgendaMinutesScraper,https://www.ci.quartzsite.az.us/government/boards___committees/planning___zoning_commission.php#outer-2577sub-2580,test_file
CityOfHawthorneScraper,https://www.cityofhawthorne.org/government/commissions/planning-commission/minutes,test_file
BaldwinCityScraper,https://www.baldwincity.gov/document-categories/planning-commission,test_file
SheridanCountyMTScraper,https://www.sheridancountymt.gov/minutes-agendas,test_file
DocumentCenterScraper,https://ci.dodgecenter.mn.us/DocumentCenter,test_file
HighlandParkScraper,http://www.highlandpark-fl.org/Government.html,test_file
DocumentCenterAgendaMinutesScraper,https://www.ci.quartzsite.az.us/government/town_council/agendas___minutes.php,docstring
VimeoScraper,https://vimeo.com/user65180654,test_file
WestminsterCAScraper,https://www.westminster-ca.gov/departments/community-development/planning-division/planning-commission/agendas-minutes,test_file
OnbaseAgendaOnlineScraper,https://dunwoodyga.hylandcloud.com/211agendaonline/Meetings,test_file
ElkGroveVillageScraper,https://www.elkgrove.org/government/agendas-public-meetings,test_file
AppBoxScraper,https://wutc.app.box.com/v/OpenMeetings/folder/302026436563,test_file
IBMVideoScraper,https://video.ibm.com/channel/zT6GNTyRdkG,test_file
DavenportScraper,https://www.mydavenport.org/index.asp?SEC=9B0AFDD2-5297-4ED5-B887-F5F96A697CC7&DE=B1AD9ADD-7A53-4D60-A6FF-CB94FE1043EF,test_file
CityOfPowellScraper,https://cityofpowell.com/city-minutes/,test_file
CityOfSanFernandoScraper,https://www.sanfernando.gov/Your-Government/City-Council/Agendas-Minutes-and-Recordings,test_file
DocumentCenterAgendaMinutesScraper,https://www.shamong.net/community_county_burlington/meetingsagendasminutes/township_committee_tc.php,docstring
DocumentCenterScraper,https://hollyridgenc.org/DocumentCenter/Index/65,test_file
BruslylaScraper,https://www.bruslyla.com/government/audio-recordings/,test_file
BartonCountyScraper,https://www.bartoncounty.org/vnews/display.v/ART/69613c33239e9,test_file
AgendaPublicScraper,https://nmb.novusagenda.com/agendapublic/?meetingresponsive.aspx,test_file
CityOfCombesScraper,https://cityofcombes.com/2024-meeting-minutes.php,test_file
IaPscDocketScraper,https://efs.iowa.gov/search/documents,test_file
MeetingMunicodeScraper,https://meetings.municode.com/MeetingsPage/index?clientCode=CVIILLEGA,test_file
GageCountyScraper,https://dakotacounty.ne.gov/board_meetings/enhanced_minutes.aspx,test_file
FairviewAudioScraper,https://fairviewtexas.org/agenda-minutes-audio.html,test_file
EastPointScraper,https://eastpointga.gov/meetings-agendas-and-minutes-2,test_file
CablecastScraper,http://detroit-vod.cablecast.tv/CablecastPublicSite,test_file
GrahamCountyKSScraper,https://www.grahamcountyks.com/node/831/minutes/2026,test_file
LouisianaSenateScraper,https://senate.la.gov/Video_Archive,test_file
CampbellMediaScraper,https://campbellmedia.org/cgov/,test_file
OrangeCountyScraper,https://www.co.orange.tx.us/calendar/51/,docstring
CooperCityScraper,https://www.coopercityfl.org/documents/government/advisory-boards-and-committees/planning-%26-zoning-board/22276597,test_file
JeffersonTexasScraper,https://jeffersoncountytx.gov/jcagenda/,test_file
DocumentCenterAgendaMinutesScraper,https://www.flagstaff.az.gov/DocumentCenter,test_file
LoganTownshipScraper,https://www.logan-twp.org/minutes-and-agendas-library/,test_file
GovMeetingTableScraper,https://indianriver.gov/government/boards_and_committees/planning_and_zoning_commission/agendas___minutes.php,test_file
WarracresOkScraper,https://www.warracres-ok.gov/city-council-agendas/,test_file
ChampdsScraper,https://play.champds.com/isleofwightcova/archive/1,test_file
DocumentCenterAgendaMinutesScraper,https://www.ironmountainmi.gov/DocumentCenter/Home/Index/24,test_file
FileproScraper,https://cavecreek.civicweb.net/filepro/documents/99299/,test_file
PBCGovScraper,https://discover.pbcgov.org/countycommissioners/Pages/AgendaArchive.aspx,test_file
IowaLegisScraper,https://www.legis.iowa.gov/chambers/video/archive?chamber=H,test_file
SkamaniaCountyScraper,https://www.skamaniacounty.org/departments-offices/commissioners/agendas-minutes-meeting-audio/-folder-39#docfold_2924_1241_328_39,test_file
PierceCountyTVScraper,https://www.piercecountytv.org/109/Archived-Meetings,test_file
CityOfStilwellScraper,https://www.cityofstilwell.com/public-notices-agendas-and-minutes,test_file
AVCaptureScraper,https://media.avcaptureall.cloud/?customerGuid=b1547cf7-7bd1-4600-84bf-fbb961d6abb8,test_file
IsoNECommitteeScraper,https://www.iso-ne.com/committees/transmission/transmission-committee,test_file
JasperCountyScraper,https://jaspercountyillinois.gov/events/category/public-meetings/,test_file
PuctexasScraper,https://www.puc.texas.gov/agency/calendar/broadcasts/,test_file
MPPLibraryScraper,https://mpplibrary.org/agendas-minutes/,test_file
CivicWebScraper,https://tppfl.civicweb.net/Portal/MeetingTypeList.aspx,test_file
LeeCountyScraper,https://www.ellsworthks.net/agendalist.aspx?categoryid=10381,test_file
MohaveScraper,https://www.mohave.gov/departments/development-services/planning-zoning-division/planning-and-zoning-commission/,test_file
BoltonVTScraper,https://boltonvt.com/boards-minutes/selectboard/,docstring
PhilaMeetingScraper,https://www.phila.gov/departments/philadelphia-city-planning-commission/recordings-of-public-meetings/,test_file
DocumentCenterScraper,https://www.shamong.net/community_county_burlington/meetingsagendasminutes/joint_land_use_board_jlub.php#outer-159,test_file
DocumentCenterAgendaMinutesScraper,https://www.concordiaks.org/government/minutes.php,test_file
BolingbrookScraper,https://www.bolingbrook.gov/planning,test_file
PlanningRctlmaPlanningCommissionScraper,https://planning.rctlma.org/planning-commission-meetings,test_file
LewistownScraper,https://lewistownillinois.org/category/minutes/recordings/,test_file
CityOfHillsboroScraper,https://www.guadalupeaz.org/node/951/minutes/2025,test_file
MaineAudioScraper,https://legislature.maine.gov/Audio/#senate_chamber,test_file
DocumentCenterAgendaMinutesScraper,https://www.villageofmonee.org/DocumentCenter/Index/23,test_file
MyRuralWaterScraper,https://grady7.myruralwater.com/board-meetings-and-minutes,test_file
BufordCityScraper,https://www.cityofbuford.com/AgendasandMinutes.aspx,test_file
CityOfHillsboroScraper,https://www.cityofhillsboro.net/node/691/minutes/2025,test_file
GovMeetingTableScraper,https://www.pipestone-county.com/government/agendas___minutes/index.php,test_file
VillageOfDeltaScraper,https://www.villageofdelta.org/council-minutes/,test_file
DocumentCenterAgendaMinutesScraper,https://hardeevillesc.gov/DocumentCenter/Index/69,test_file
GrandTraverseScraper,https://www.tacm.tv/govtv_gtcolist.asp,test_file
SpectrumStreamScraper,https://spectrumstream.com/streaming/arcadia/live.cfm,test_file
DocumentCenterScraper,https://www.bayharborislands-fl.gov/documentcenter,test_file
BaldwinCityScraper,https://www.baldwincity.gov/document-categories/council-documents,test_file
DoubleOakTXScraper,https://doubleoak.texas.gov/agendas-minutes,test_file
UniversityParkILScraper,https://university-park-il.com/agendalist/index.php,test_file
BayonneNJScraper,https://www.bayonnenj.org/Meetings,test_file
IsoNECommitteeScraper,https://www.iso-ne.com/committees/planning/planning-advisory,test_file
DoylestownpaScraper,https://doylestownpa.org/government/meetings/,test_file
BataviaPlanCommissionScraper,https://www.bataviail.gov/documents/city-government/city-council%2C-commissions%2C-boards/agendas-%26-minutes/plan-commission-%26-zoning-board-of-appeals/22165211,test_file
AuroraGovScraper,https://www.auroragov.org/city_hall/boards___commissions/planning___zoning_commission,test_file
CityOfJacksonScraper,https://cityofjacksonga.com/index.php/government/agendas-minutes/2-city-council,test_file
SouthDakotaLegislatureScraper,https://www.sd.net/blogs/archive/,test_file
CityOfBartlesvilleScraper,https://www.cityofbartlesville.org/city-government/boards-committees-commissions/bartlesville-city-planning-commission/,test_file
DocumentCenterAgendaMinutesScraper,https://www.ci.quartzsite.az.us/government/boards___committees/planning___zoning_commission.php,docstring
HusdSchoolsScraper,https://www.husdschools.org/district/school-board/board-minutes/board-minutes-2025,test_file
DocumentCenterAgendaMinutesScraper,https://www.uintacountywy.gov/DocumentCenter,test_file
AdaOKScraper,https://adaok.com/MeetingDocuments/,test_file
TarrantCountyScraper,https://agendamgmtprod.tarrantcountytx.gov/,test_file
AndoverTVScraper,https://andovertv.org/town_meetings,test_file
DocumentCenterAgendaMinutesScraper,https://www.whitepinecounty.net/DocumentCenter/Index/,test_file
CityOfBristowOKScraper,https://www.cityofbristowok.org/meetingagendas,test_file
DocumentCenterAgendaMinutesScraper,https://www.spcity.org/DocumentCenter,test_file
DocumentCenterScraper,https://capitolheightsmd.gov/DocumentCenter,test_file
IbervilleScraper,https://ibervilleparish.com/parish-council/videos/,test_file
SacramentoGranicusScraper,https://sacramento.granicus.com/viewpublisher.php?view_id=22,test_file
TownOfEvansScraper,https://townofevansny.gov/docs/agendas-recordings-minutes/planning-board/,test_file
AnaheimElementaryScraper,https://anaheimelementary.org/board-of-education/2024-25-board-meetings-agendas-minutes-presentations/,test_file
GridleyCityScraper,http://gridley.ca.us/government-and-departments/city-council/,test_file
SenateCAScraper,https://www.senate.ca.gov/media-archive,test_file
BoardYearMeetingsScraper,https://www.northamptontownship.com/government/meeting-schedules/,docstring
IsoNECommitteeScraper,https://www.iso-ne.com/committees/planning/topac,test_file
HbuhsdScraper,https://www.hbuhsd.edu/apps/pages/board-minutes,test_file
ArchiveAspxScraper,https://www.storycountyiowa.gov/Archive.aspx?AMID=72,test_file
SierraVistaAZScraper,https://www.weho.org/city-government/download-documents/-folder-506,test_file
NyisoScraper,https://www.nyiso.com/business-issues-committee-bic-,test_file
SuiteOneMediaScraper,https://wickenburgaz.suiteonemedia.com/#recentEvents,test_file
TnLegVideoScraper,https://wapp.capitol.tn.gov/apps/videowrapper/default.aspx?CommID=401000,test_file
HusdSchoolsScraper,https://www.husdschools.org/district/school-board/board-agendas-and-public-hearing-notices/board-agendas-2024-and-public-hearing-notices,test_file
PitmanNJScraper,https://www.altamontks.com/connect/city_council/agendas___minutes.php,test_file
ToggleAllpastScraper,https://www.locustgrove-ga.gov/our-government/meeting-calendar-agendas/-toggle-allpast,test_file
HoustonTXAgendaScraper,https://www.houstontx.gov/citysec/agenda/agendaindex.html,test_file
FileproScraper,https://walton.civicweb.net/filepro/documents/493919/,test_file
AuroraGovScraper,https://www.auroragov.org/cms/One.aspx?portalId=16242704&pageId=16446413#agendas,test_file
DGTownshipScraper,https://www.dgtownship.com/clerk/#board-meetings,test_file
PicoRiveraPCScraper,https://www.pico-rivera.org/our-city/city-commissions/planning-commission/,docstring
AgendaPublicScraper,https://davie.novusagenda.com/agendapublic/,test_file
DorchesterPCScraper,https://dorchestercountymd.com/planning-zoning/planning-commission/,test_file
MePscDocketScraper,https://mpuc-cms.maine.gov/CQM.Public.WebUI/Common/AdvanceSearch.aspx,test_file
IsoNECommitteeScraper,https://www.iso-ne.com/committees/key-projects/implemented/new-englands-future-grid-initiative-key-project/,test_file
OnbaseAgendaOnlineScraper,https://gilbertaz.databankcloud.com/GilbertAgendaOnline,test_file
CoPscDocketScraper,https://www.dora.state.co.us/pls/efi/EFI_Search_UI.search,test_file
AssemblyCAScraper,https://www.assembly.ca.gov/media-archive,test_file
PjmVideoScraper,https://videos.pjm.com/category/Stakeholder+Meetings/57735491,test_file
OmsBoardScraper,https://www.misostates.org/index.php/meetings/board,test_file
JerseyCityNJScraper,https://data.jerseycitynj.gov/explore/dataset/pb-agendas-2024/information/,test_file
CityOfGarnettScraper,https://www.simplygarnett.com/page/past-meetings-copy,test_file
GovMeetingTableScraper,https://www.leavenworthcounty.gov/government/county_commission/agenda.php,test_file
NewarkCAScraper,https://www.newarkca.gov/departments/city-manager-s-office/meetings-agendas-minutes-copy,test_file
PendergrassScraper,https://cityofpendergrass.net/minutes-agendas/,test_file
SierraVistaAZScraper,https://www.sierravistaaz.gov/government/city-council/council-documents/-folder-155,test_file
ChicityClerkScraper,https://chicityclerkelms.chicago.gov/Meetings/,test_file
SanTanValleyScraper,https://www.santanvalley.com/town-council-live,test_file
DesMoinesCountyScraper,https://desmoinescounty.iowa.gov/board_of_supervisors/meetings_minutes/,test_file
ChicagoClerkMinutesScraper,https://www.chicityclerk.com/legislation-records/journals-and-reports/council-meeting-reports,test_file
MyChoctawScraper,https://www.mychoctaw.org/documents/government/agenda-center/city-council---choctaw-utilities-authority/21271713,test_file
DocumentCenterScraper,https://www.villageofmonee.org/DocumentCenter/Index/23,test_file
